{
    "loss": 0.1537991613149643,
    "accuracy": 0.9741379022598267
}