{
    "loss": 0.16226214170455933,
    "accuracy": 0.9655172228813171
}